noise,atmosphere,detector,outcome,error_px
none,clear,naive,correct,0.7995591297353078
none,clear,learned,correct,0.7995591297353078
none,clear,naive,correct,0.73829616474047
none,clear,learned,correct,0.73829616474047
none,clear,naive,correct,0.9991287042686456
none,clear,learned,correct,0.9991287042686456
none,clear,naive,correct,0.7058585099603256
none,clear,learned,correct,0.7058585099603256
none,clear,naive,correct,1.1935845477938027
none,clear,learned,correct,1.1935845477938027
none,clear,naive,correct,1.0768678104336011
none,clear,learned,correct,1.0768678104336011
none,clear,naive,correct,0.4967026959433202
none,clear,learned,correct,0.4967026959433202
none,clear,naive,correct,0.746258080064827
none,clear,learned,correct,0.746258080064827
none,clear,naive,correct,0.5162616693963696
none,clear,learned,correct,0.5162616693963696
none,clear,naive,correct,0.26952120221928544
none,clear,learned,correct,0.26952120221928544
none,clear,naive,correct,1.0596709894246426
none,clear,learned,correct,1.0596709894246426
none,clear,naive,correct,1.1109258358415712
none,clear,learned,correct,1.1109258358415712
none,clear,naive,correct,1.1604084720436825
none,clear,learned,correct,1.1604084720436825
none,clear,naive,correct,0.8434813843191074
none,clear,learned,correct,0.8434813843191074
none,clear,naive,correct,0.31407630990208907
none,clear,learned,correct,0.31407630990208907
none,clear,naive,correct,1.1273666574464745
none,clear,learned,correct,1.1273666574464745
none,clear,naive,correct,0.4452189062467325
none,clear,learned,correct,0.4452189062467325
none,clear,naive,correct,0.6322523581823433
none,clear,learned,correct,0.6322523581823433
none,clear,naive,correct,0.598422798608063
none,clear,learned,correct,0.598422798608063
none,clear,naive,correct,0.6189231787490989
none,clear,learned,correct,0.6189231787490989
none,clear,naive,correct,0.5165846047238449
none,clear,learned,correct,0.5165846047238449
none,clear,naive,correct,0.18491125288598229
none,clear,learned,correct,0.18491125288598229
none,clear,naive,correct,0.16236076563660415
none,clear,learned,correct,0.16236076563660415
none,clear,naive,correct,0.7807747835156347
none,clear,learned,correct,0.7807747835156347
none,clear,naive,correct,0.982340718368839
none,clear,learned,correct,0.982340718368839
none,clear,naive,correct,0.25912115193465823
none,clear,learned,correct,0.25912115193465823
none,clear,naive,correct,0.5915756748639246
none,clear,learned,correct,0.5915756748639246
none,clear,naive,correct,0.6808754377273909
none,clear,learned,correct,0.6808754377273909
none,clear,naive,correct,0.6761223114141323
none,clear,learned,correct,0.6761223114141323
none,clear,naive,correct,1.1969311526964819
none,clear,learned,correct,1.1969311526964819
none,haze,naive,correct,0.9501826773953719
none,haze,learned,correct,0.9501826773953719
none,haze,naive,correct,0.745261202401335
none,haze,learned,correct,0.745261202401335
none,haze,naive,correct,0.809741709044992
none,haze,learned,correct,0.809741709044992
none,haze,naive,correct,0.08851461406160566
none,haze,learned,correct,0.08851461406160566
none,haze,naive,correct,0.8169622164515219
none,haze,learned,correct,0.8169622164515219
none,haze,naive,correct,1.1846459985657856
none,haze,learned,correct,1.1846459985657856
none,haze,naive,correct,1.384944114942498
none,haze,learned,correct,1.384944114942498
none,haze,naive,correct,0.513899820452695
none,haze,learned,correct,0.513899820452695
none,haze,naive,correct,1.1215049877818075
none,haze,learned,correct,1.1215049877818075
none,haze,naive,correct,1.173375177582775
none,haze,learned,correct,1.173375177582775
none,haze,naive,correct,0.9405192277888635
none,haze,learned,correct,0.9405192277888635
none,haze,naive,correct,0.7307604024333331
none,haze,learned,correct,0.7307604024333331
none,haze,naive,correct,0.7303443167929499
none,haze,learned,correct,0.7303443167929499
none,haze,naive,correct,0.6636963156604818
none,haze,learned,correct,0.6636963156604818
none,haze,naive,correct,0.46636783409345917
none,haze,learned,correct,0.46636783409345917
none,haze,naive,correct,0.7082645597800812
none,haze,learned,correct,0.7082645597800812
none,haze,naive,correct,0.6373140564828783
none,haze,learned,correct,0.6373140564828783
none,haze,naive,correct,0.9572388472279798
none,haze,learned,correct,0.9572388472279798
none,haze,naive,correct,0.6654444894532914
none,haze,learned,correct,0.6654444894532914
none,haze,naive,correct,1.2230938995180085
none,haze,learned,correct,1.2230938995180085
none,haze,naive,correct,0.8930609371450157
none,haze,learned,correct,0.8930609371450157
none,haze,naive,correct,0.6245924789684602
none,haze,learned,correct,0.6245924789684602
none,haze,naive,correct,0.11347998206468532
none,haze,learned,correct,0.11347998206468532
none,haze,naive,correct,0.929896959905928
none,haze,learned,correct,0.929896959905928
none,haze,naive,correct,0.8535400882375869
none,haze,learned,correct,0.8535400882375869
none,haze,naive,correct,0.8744682832444937
none,haze,learned,correct,0.8744682832444937
none,haze,naive,correct,0.2482588624440961
none,haze,learned,correct,0.2482588624440961
none,haze,naive,correct,1.1241284169781551
none,haze,learned,correct,1.1241284169781551
none,haze,naive,correct,1.0106613299391172
none,haze,learned,correct,1.0106613299391172
none,haze,naive,correct,0.964535053533639
none,haze,learned,correct,0.964535053533639
none,fog,naive,correct,1.2946708610464361
none,fog,learned,correct,1.2946708610464361
none,fog,naive,correct,0.7080748422255964
none,fog,learned,correct,0.7080748422255964
none,fog,naive,correct,1.0224414221084586
none,fog,learned,correct,1.0224414221084586
none,fog,naive,correct,1.1235262470645673
none,fog,learned,correct,1.1235262470645673
none,fog,naive,correct,0.8427180622650388
none,fog,learned,correct,0.8427180622650388
none,fog,naive,correct,0.9330769467063481
none,fog,learned,correct,0.9330769467063481
none,fog,naive,correct,0.7963124738014765
none,fog,learned,correct,0.7963124738014765
none,fog,naive,correct,0.5807406392145036
none,fog,learned,correct,0.5807406392145036
none,fog,naive,correct,0.4508973457401718
none,fog,learned,correct,0.4508973457401718
none,fog,naive,correct,0.4396079612033982
none,fog,learned,correct,0.4396079612033982
none,fog,naive,correct,0.28305964047154003
none,fog,learned,correct,0.28305964047154003
none,fog,naive,correct,0.9973894808441415
none,fog,learned,correct,0.9973894808441415
none,fog,naive,correct,1.0127853425029048
none,fog,learned,correct,1.0127853425029048
none,fog,naive,correct,0.5914191692264527
none,fog,learned,correct,0.5914191692264527
none,fog,naive,correct,0.8565040806880178
none,fog,learned,correct,0.8565040806880178
none,fog,naive,correct,0.8621212610239269
none,fog,learned,correct,0.8621212610239269
none,fog,naive,correct,0.1592005159556911
none,fog,learned,correct,0.1592005159556911
none,fog,naive,correct,0.9959888793342012
none,fog,learned,correct,0.9959888793342012
none,fog,naive,correct,0.7050273905147899
none,fog,learned,correct,0.7050273905147899
none,fog,naive,correct,0.43835072001605313
none,fog,learned,correct,0.43835072001605313
none,fog,naive,correct,1.0879472734183633
none,fog,learned,correct,1.0879472734183633
none,fog,naive,correct,0.675556281356472
none,fog,learned,correct,0.675556281356472
none,fog,naive,correct,0.5501253581156648
none,fog,learned,correct,0.5501253581156648
none,fog,naive,correct,0.9413283520520439
none,fog,learned,correct,0.9413283520520439
none,fog,naive,correct,0.5671142767742848
none,fog,learned,correct,0.5671142767742848
none,fog,naive,correct,0.783652108089656
none,fog,learned,correct,0.783652108089656
none,fog,naive,correct,0.5429311272041437
none,fog,learned,correct,0.5429311272041437
none,fog,naive,correct,0.47956670538500107
none,fog,learned,correct,0.47956670538500107
none,fog,naive,correct,0.28413093642287807
none,fog,learned,correct,0.28413093642287807
none,fog,naive,correct,0.5504513194321003
none,fog,learned,correct,0.5504513194321003
none,rain,naive,correct,1.1469370828022274
none,rain,learned,correct,1.1469370828022274
none,rain,naive,correct,1.3298493567871963
none,rain,learned,correct,1.3298493567871963
none,rain,naive,correct,0.970596476715492
none,rain,learned,correct,0.970596476715492
none,rain,naive,correct,0.5066531188356946
none,rain,learned,correct,0.5066531188356946
none,rain,naive,correct,0.8153472333429128
none,rain,learned,correct,0.8153472333429128
none,rain,naive,correct,1.08475893962207
none,rain,learned,correct,1.08475893962207
none,rain,naive,correct,0.4582158784952241
none,rain,learned,correct,0.4582158784952241
none,rain,naive,correct,1.086245699274874
none,rain,learned,correct,1.086245699274874
none,rain,naive,correct,0.8298929464921901
none,rain,learned,correct,0.8298929464921901
none,rain,naive,correct,0.7700815973644666
none,rain,learned,correct,0.7700815973644666
none,rain,naive,correct,0.7524563312974866
none,rain,learned,correct,0.7524563312974866
none,rain,naive,correct,1.214354024543806
none,rain,learned,correct,1.214354024543806
none,rain,naive,correct,0.7337414042665542
none,rain,learned,correct,0.7337414042665542
none,rain,naive,correct,1.0076770625993945
none,rain,learned,correct,1.0076770625993945
none,rain,naive,correct,0.40780763994548663
none,rain,learned,correct,0.40780763994548663
none,rain,naive,correct,0.8234573511510503
none,rain,learned,correct,0.8234573511510503
none,rain,naive,correct,0.5526623873220455
none,rain,learned,correct,0.5526623873220455
none,rain,naive,correct,0.5639869876119301
none,rain,learned,correct,0.5639869876119301
none,rain,naive,correct,0.796800548293318
none,rain,learned,correct,0.796800548293318
none,rain,naive,correct,0.41757813117283743
none,rain,learned,correct,0.41757813117283743
none,rain,naive,correct,1.3531606361049453
none,rain,learned,correct,1.3531606361049453
none,rain,naive,correct,0.08389279076994267
none,rain,learned,correct,0.08389279076994267
none,rain,naive,correct,0.9888939264727248
none,rain,learned,correct,0.9888939264727248
none,rain,naive,correct,0.9738819414790527
none,rain,learned,correct,0.9738819414790527
none,rain,naive,correct,0.9429069879564549
none,rain,learned,correct,0.9429069879564549
none,rain,naive,correct,1.1006301968452186
none,rain,learned,correct,1.1006301968452186
none,rain,naive,correct,0.16256306834675988
none,rain,learned,correct,0.16256306834675988
none,rain,naive,correct,0.6124365243158179
none,rain,learned,correct,0.6124365243158179
none,rain,naive,correct,0.40780517553962536
none,rain,learned,correct,0.40780517553962536
none,rain,naive,correct,0.7238571095762774
none,rain,learned,correct,0.7238571095762774
none,low_light,naive,correct,0.5571033681141565
none,low_light,learned,correct,0.5571033681141565
none,low_light,naive,correct,0.844513984867079
none,low_light,learned,correct,0.844513984867079
none,low_light,naive,correct,1.2358979833546067
none,low_light,learned,correct,1.2358979833546067
none,low_light,naive,correct,0.5517206667935991
none,low_light,learned,correct,0.5517206667935991
none,low_light,naive,correct,0.872812292596057
none,low_light,learned,correct,0.872812292596057
none,low_light,naive,correct,0.5699164627473322
none,low_light,learned,correct,0.5699164627473322
none,low_light,naive,correct,0.7202400874789082
none,low_light,learned,correct,0.7202400874789082
none,low_light,naive,correct,0.46208490146441067
none,low_light,learned,correct,0.46208490146441067
none,low_light,naive,correct,1.1573647106079452
none,low_light,learned,correct,1.1573647106079452
none,low_light,naive,correct,0.9452238965096107
none,low_light,learned,correct,0.9452238965096107
none,low_light,naive,correct,0.7375972546193175
none,low_light,learned,correct,0.7375972546193175
none,low_light,naive,correct,0.7609048144683649
none,low_light,learned,correct,0.7609048144683649
none,low_light,naive,correct,0.41452301411879494
none,low_light,learned,correct,0.41452301411879494
none,low_light,naive,correct,0.1534005912225745
none,low_light,learned,correct,0.1534005912225745
none,low_light,naive,correct,1.0219620478733056
none,low_light,learned,correct,1.0219620478733056
none,low_light,naive,correct,0.6946668365865369
none,low_light,learned,correct,0.6946668365865369
none,low_light,naive,correct,0.6378388982227402
none,low_light,learned,correct,0.6378388982227402
none,low_light,naive,correct,0.7963808834294444
none,low_light,learned,correct,0.7963808834294444
none,low_light,naive,correct,0.3576313533030499
none,low_light,learned,correct,0.3576313533030499
none,low_light,naive,correct,0.8211758735862524
none,low_light,learned,correct,0.8211758735862524
none,low_light,naive,correct,1.3324701354844695
none,low_light,learned,correct,1.3324701354844695
none,low_light,naive,correct,0.5161462690972944
none,low_light,learned,correct,0.5161462690972944
none,low_light,naive,correct,0.49118476225796714
none,low_light,learned,correct,0.49118476225796714
none,low_light,naive,correct,0.48057147868824407
none,low_light,learned,correct,0.48057147868824407
none,low_light,naive,correct,0.7619354495768358
none,low_light,learned,correct,0.7619354495768358
none,low_light,naive,correct,0.8104153278955073
none,low_light,learned,correct,0.8104153278955073
none,low_light,naive,correct,0.9383509646595865
none,low_light,learned,correct,0.9383509646595865
none,low_light,naive,correct,0.7884959186412042
none,low_light,learned,correct,0.7884959186412042
none,low_light,naive,correct,0.5294634445698381
none,low_light,learned,correct,0.5294634445698381
none,low_light,naive,correct,0.4774951109145507
none,low_light,learned,correct,0.4774951109145507
gaussian,clear,naive,false_lock,359.51025626600244
gaussian,clear,learned,false_lock,359.51025626600244
gaussian,clear,naive,false_lock,384.74996780198796
gaussian,clear,learned,no_detection,
gaussian,clear,naive,false_lock,170.32528584416295
gaussian,clear,learned,false_lock,170.32528584416295
gaussian,clear,naive,false_lock,405.4123034348682
gaussian,clear,learned,no_detection,
gaussian,clear,naive,false_lock,480.88785649013647
gaussian,clear,learned,no_detection,
gaussian,clear,naive,false_lock,320.6546989493328
gaussian,clear,learned,no_detection,
gaussian,clear,naive,false_lock,274.2365595120553
gaussian,clear,learned,no_detection,
gaussian,clear,naive,false_lock,392.2696557976416
gaussian,clear,learned,false_lock,392.2696557976416
gaussian,clear,naive,false_lock,272.2131933435541
gaussian,clear,learned,no_detection,
gaussian,clear,naive,false_lock,245.0836676792486
gaussian,clear,learned,no_detection,
gaussian,clear,naive,false_lock,512.686660764624
gaussian,clear,learned,no_detection,
gaussian,clear,naive,false_lock,29.83247139636274
gaussian,clear,learned,no_detection,
gaussian,clear,naive,false_lock,227.31766819591593
gaussian,clear,learned,no_detection,
gaussian,clear,naive,false_lock,442.71031421682164
gaussian,clear,learned,no_detection,
gaussian,clear,naive,false_lock,412.77580001793655
gaussian,clear,learned,no_detection,
gaussian,clear,naive,false_lock,225.8414906624922
gaussian,clear,learned,no_detection,
gaussian,clear,naive,false_lock,124.84874792202292
gaussian,clear,learned,no_detection,
gaussian,clear,naive,false_lock,317.3379226737044
gaussian,clear,learned,no_detection,
gaussian,clear,naive,false_lock,381.1611945190843
gaussian,clear,learned,no_detection,
gaussian,clear,naive,false_lock,363.6789789942773
gaussian,clear,learned,false_lock,363.6789789942773
gaussian,clear,naive,false_lock,622.2757170452591
gaussian,clear,learned,no_detection,
gaussian,clear,naive,false_lock,240.99689079813717
gaussian,clear,learned,no_detection,
gaussian,clear,naive,false_lock,439.8592856472407
gaussian,clear,learned,no_detection,
gaussian,clear,naive,false_lock,468.13860319729
gaussian,clear,learned,false_lock,468.13860319729
gaussian,clear,naive,false_lock,544.3494113962495
gaussian,clear,learned,no_detection,
gaussian,clear,naive,false_lock,461.6368334588184
gaussian,clear,learned,no_detection,
gaussian,clear,naive,false_lock,228.50337015188202
gaussian,clear,learned,no_detection,
gaussian,clear,naive,false_lock,449.5616827244402
gaussian,clear,learned,false_lock,449.5616827244402
gaussian,clear,naive,false_lock,481.201239651258
gaussian,clear,learned,false_lock,481.201239651258
gaussian,clear,naive,false_lock,392.28403629238574
gaussian,clear,learned,no_detection,
gaussian,haze,naive,false_lock,171.04563864228618
gaussian,haze,learned,no_detection,
gaussian,haze,naive,false_lock,536.4564141549617
gaussian,haze,learned,no_detection,
gaussian,haze,naive,false_lock,408.9234716545826
gaussian,haze,learned,no_detection,
gaussian,haze,naive,false_lock,421.0053301302479
gaussian,haze,learned,no_detection,
gaussian,haze,naive,false_lock,310.4015227849533
gaussian,haze,learned,no_detection,
gaussian,haze,naive,false_lock,330.74025100815965
gaussian,haze,learned,no_detection,
gaussian,haze,naive,false_lock,386.1719581591134
gaussian,haze,learned,no_detection,
gaussian,haze,naive,false_lock,111.904075483805
gaussian,haze,learned,no_detection,
gaussian,haze,naive,false_lock,206.95178987875522
gaussian,haze,learned,no_detection,
gaussian,haze,naive,false_lock,509.52921724632586
gaussian,haze,learned,no_detection,
gaussian,haze,naive,false_lock,313.0614233753367
gaussian,haze,learned,no_detection,
gaussian,haze,naive,false_lock,252.7973156810659
gaussian,haze,learned,false_lock,252.7973156810659
gaussian,haze,naive,false_lock,512.9164881832575
gaussian,haze,learned,no_detection,
gaussian,haze,naive,false_lock,409.24970471090154
gaussian,haze,learned,false_lock,409.24970471090154
gaussian,haze,naive,false_lock,281.4581396964887
gaussian,haze,learned,no_detection,
gaussian,haze,naive,false_lock,252.7172840510478
gaussian,haze,learned,no_detection,
gaussian,haze,naive,false_lock,52.267485777629794
gaussian,haze,learned,no_detection,
gaussian,haze,naive,false_lock,429.9643419499396
gaussian,haze,learned,no_detection,
gaussian,haze,naive,false_lock,448.0393791369752
gaussian,haze,learned,no_detection,
gaussian,haze,naive,false_lock,474.5109764317902
gaussian,haze,learned,false_lock,474.5109764317902
gaussian,haze,naive,false_lock,460.9933912585664
gaussian,haze,learned,no_detection,
gaussian,haze,naive,false_lock,224.6722114352921
gaussian,haze,learned,false_lock,418.4557726878601
gaussian,haze,naive,false_lock,527.2397329218378
gaussian,haze,learned,no_detection,
gaussian,haze,naive,false_lock,360.78373175696015
gaussian,haze,learned,no_detection,
gaussian,haze,naive,false_lock,581.2898631834464
gaussian,haze,learned,no_detection,
gaussian,haze,naive,false_lock,411.2651105403616
gaussian,haze,learned,no_detection,
gaussian,haze,naive,false_lock,432.18468327842834
gaussian,haze,learned,no_detection,
gaussian,haze,naive,false_lock,302.66330601883203
gaussian,haze,learned,false_lock,302.66330601883203
gaussian,haze,naive,false_lock,335.61321100502283
gaussian,haze,learned,no_detection,
gaussian,haze,naive,false_lock,534.3458811014852
gaussian,haze,learned,false_lock,534.3458811014852
gaussian,fog,naive,false_lock,341.1611012024098
gaussian,fog,learned,no_detection,
gaussian,fog,naive,false_lock,201.99271056097146
gaussian,fog,learned,no_detection,
gaussian,fog,naive,false_lock,547.8445031276375
gaussian,fog,learned,no_detection,
gaussian,fog,naive,false_lock,428.7114415942454
gaussian,fog,learned,no_detection,
gaussian,fog,naive,false_lock,58.38289540843438
gaussian,fog,learned,no_detection,
gaussian,fog,naive,false_lock,616.3818306269503
gaussian,fog,learned,no_detection,
gaussian,fog,naive,false_lock,247.71835613242243
gaussian,fog,learned,no_detection,
gaussian,fog,naive,false_lock,90.68162491121959
gaussian,fog,learned,no_detection,
gaussian,fog,naive,false_lock,373.68095786612787
gaussian,fog,learned,no_detection,
gaussian,fog,naive,false_lock,658.7438515012452
gaussian,fog,learned,no_detection,
gaussian,fog,naive,false_lock,456.1463630162529
gaussian,fog,learned,no_detection,
gaussian,fog,naive,false_lock,496.8531209741975
gaussian,fog,learned,no_detection,
gaussian,fog,naive,false_lock,510.81881224982135
gaussian,fog,learned,false_lock,510.81881224982135
gaussian,fog,naive,false_lock,272.0954360643727
gaussian,fog,learned,no_detection,
gaussian,fog,naive,false_lock,119.06209519383673
gaussian,fog,learned,no_detection,
gaussian,fog,naive,false_lock,389.30927980949156
gaussian,fog,learned,false_lock,389.30927980949156
gaussian,fog,naive,false_lock,406.71841576621813
gaussian,fog,learned,false_lock,406.71841576621813
gaussian,fog,naive,false_lock,400.32843410775075
gaussian,fog,learned,no_detection,
gaussian,fog,naive,false_lock,399.16004709346066
gaussian,fog,learned,no_detection,
gaussian,fog,naive,false_lock,351.0113910215005
gaussian,fog,learned,no_detection,
gaussian,fog,naive,false_lock,511.323671494749
gaussian,fog,learned,no_detection,
gaussian,fog,naive,false_lock,319.82941349085706
gaussian,fog,learned,no_detection,
gaussian,fog,naive,false_lock,346.69556268011763
gaussian,fog,learned,no_detection,
gaussian,fog,naive,false_lock,158.88221229880264
gaussian,fog,learned,no_detection,
gaussian,fog,naive,false_lock,572.6403819176538
gaussian,fog,learned,no_detection,
gaussian,fog,naive,false_lock,54.07920963412647
gaussian,fog,learned,no_detection,
gaussian,fog,naive,false_lock,440.7456583202413
gaussian,fog,learned,false_lock,440.7456583202413
gaussian,fog,naive,false_lock,135.47084073218318
gaussian,fog,learned,no_detection,
gaussian,fog,naive,false_lock,143.4131390174451
gaussian,fog,learned,no_detection,
gaussian,fog,naive,false_lock,323.67463534624756
gaussian,fog,learned,false_lock,323.67463534624756
gaussian,rain,naive,false_lock,335.88222690572536
gaussian,rain,learned,false_lock,335.88222690572536
gaussian,rain,naive,false_lock,98.04082388705179
gaussian,rain,learned,false_lock,541.9148376412231
gaussian,rain,naive,false_lock,400.14334673488906
gaussian,rain,learned,false_lock,400.14334673488906
gaussian,rain,naive,false_lock,466.34157885785487
gaussian,rain,learned,false_lock,466.34157885785487
gaussian,rain,naive,false_lock,284.3811036545113
gaussian,rain,learned,false_lock,284.3811036545113
gaussian,rain,naive,false_lock,57.50939399522784
gaussian,rain,learned,false_lock,57.50939399522784
gaussian,rain,naive,false_lock,588.9363104579353
gaussian,rain,learned,false_lock,588.9363104579353
gaussian,rain,naive,false_lock,157.86864415044067
gaussian,rain,learned,false_lock,157.86864415044067
gaussian,rain,naive,false_lock,590.884595707534
gaussian,rain,learned,false_lock,590.884595707534
gaussian,rain,naive,false_lock,356.1334967629618
gaussian,rain,learned,false_lock,356.1334967629618
gaussian,rain,naive,false_lock,268.5299282149863
gaussian,rain,learned,false_lock,268.5299282149863
gaussian,rain,naive,false_lock,150.98624828454965
gaussian,rain,learned,false_lock,150.98624828454965
gaussian,rain,naive,false_lock,374.19982129649486
gaussian,rain,learned,false_lock,374.19982129649486
gaussian,rain,naive,false_lock,294.3217101149999
gaussian,rain,learned,false_lock,294.3217101149999
gaussian,rain,naive,false_lock,174.31951890563843
gaussian,rain,learned,false_lock,174.31951890563843
gaussian,rain,naive,false_lock,155.03042499103404
gaussian,rain,learned,no_detection,
gaussian,rain,naive,false_lock,247.88541538476034
gaussian,rain,learned,false_lock,112.91408327381583
gaussian,rain,naive,false_lock,558.7322866629049
gaussian,rain,learned,false_lock,558.7322866629049
gaussian,rain,naive,false_lock,339.17027897661967
gaussian,rain,learned,false_lock,460.9678180318011
gaussian,rain,naive,false_lock,454.369915149046
gaussian,rain,learned,false_lock,454.369915149046
gaussian,rain,naive,false_lock,283.1275198390448
gaussian,rain,learned,false_lock,283.1275198390448
gaussian,rain,naive,false_lock,107.08047776237483
gaussian,rain,learned,false_lock,107.08047776237483
gaussian,rain,naive,false_lock,535.2326130037053
gaussian,rain,learned,false_lock,535.2326130037053
gaussian,rain,naive,false_lock,134.3112484092173
gaussian,rain,learned,false_lock,134.3112484092173
gaussian,rain,naive,false_lock,83.13367182277157
gaussian,rain,learned,false_lock,83.13367182277157
gaussian,rain,naive,false_lock,228.26113179855997
gaussian,rain,learned,false_lock,228.26113179855997
gaussian,rain,naive,false_lock,459.4124475905463
gaussian,rain,learned,false_lock,459.4124475905463
gaussian,rain,naive,false_lock,416.49666514323343
gaussian,rain,learned,false_lock,416.49666514323343
gaussian,rain,naive,false_lock,278.3767940591203
gaussian,rain,learned,false_lock,278.3767940591203
gaussian,rain,naive,false_lock,396.0778645356316
gaussian,rain,learned,false_lock,396.0778645356316
gaussian,low_light,naive,correct,0.5485628815008837
gaussian,low_light,learned,correct,0.5485628815008837
gaussian,low_light,naive,correct,1.012346121683747
gaussian,low_light,learned,correct,1.012346121683747
gaussian,low_light,naive,correct,0.7793431154734266
gaussian,low_light,learned,correct,0.7793431154734266
gaussian,low_light,naive,correct,0.6508299892269825
gaussian,low_light,learned,correct,0.6508299892269825
gaussian,low_light,naive,correct,0.801531034201247
gaussian,low_light,learned,correct,0.801531034201247
gaussian,low_light,naive,correct,0.702325093280265
gaussian,low_light,learned,correct,0.702325093280265
gaussian,low_light,naive,correct,0.2656833390535148
gaussian,low_light,learned,correct,0.2656833390535148
gaussian,low_light,naive,correct,0.7811915181178564
gaussian,low_light,learned,correct,0.7811915181178564
gaussian,low_light,naive,correct,0.6004114055722938
gaussian,low_light,learned,correct,0.6004114055722938
gaussian,low_light,naive,correct,1.0984509028431761
gaussian,low_light,learned,correct,1.0984509028431761
gaussian,low_light,naive,correct,1.2749940469599523
gaussian,low_light,learned,correct,1.2749940469599523
gaussian,low_light,naive,correct,0.2967189042875062
gaussian,low_light,learned,correct,0.2967189042875062
gaussian,low_light,naive,correct,0.6318397657670501
gaussian,low_light,learned,correct,0.6318397657670501
gaussian,low_light,naive,correct,0.7240134270316197
gaussian,low_light,learned,correct,0.7240134270316197
gaussian,low_light,naive,correct,0.8547326763313043
gaussian,low_light,learned,correct,0.8547326763313043
gaussian,low_light,naive,correct,0.9591744868042626
gaussian,low_light,learned,correct,0.9591744868042626
gaussian,low_light,naive,correct,0.017651433333773774
gaussian,low_light,learned,correct,0.017651433333773774
gaussian,low_light,naive,correct,0.4993116758483062
gaussian,low_light,learned,correct,0.4993116758483062
gaussian,low_light,naive,correct,0.9988802113685453
gaussian,low_light,learned,correct,0.9988802113685453
gaussian,low_light,naive,correct,0.3462938210052145
gaussian,low_light,learned,correct,0.3462938210052145
gaussian,low_light,naive,correct,0.7136798487385815
gaussian,low_light,learned,correct,0.7136798487385815
gaussian,low_light,naive,correct,1.2742024496611262
gaussian,low_light,learned,correct,1.2742024496611262
gaussian,low_light,naive,correct,0.788640183181006
gaussian,low_light,learned,correct,0.788640183181006
gaussian,low_light,naive,correct,1.1063631468816575
gaussian,low_light,learned,correct,1.1063631468816575
gaussian,low_light,naive,correct,0.9353217696988911
gaussian,low_light,learned,correct,0.9353217696988911
gaussian,low_light,naive,correct,0.9002664812520339
gaussian,low_light,learned,correct,0.9002664812520339
gaussian,low_light,naive,correct,0.9194981024001758
gaussian,low_light,learned,correct,0.9194981024001758
gaussian,low_light,naive,correct,0.4952114811631255
gaussian,low_light,learned,correct,0.4952114811631255
gaussian,low_light,naive,correct,0.5731868786793236
gaussian,low_light,learned,correct,0.5731868786793236
gaussian,low_light,naive,correct,0.5149812411309259
gaussian,low_light,learned,correct,0.5149812411309259
salt_pepper,clear,naive,correct,0.30660868686517156
salt_pepper,clear,learned,correct,0.30660868686517156
salt_pepper,clear,naive,correct,0.33042829802768636
salt_pepper,clear,learned,correct,0.33042829802768636
salt_pepper,clear,naive,correct,1.2782870606604662
salt_pepper,clear,learned,correct,1.2782870606604662
salt_pepper,clear,naive,correct,0.7559027401920476
salt_pepper,clear,learned,correct,0.7559027401920476
salt_pepper,clear,naive,correct,0.2475299446792892
salt_pepper,clear,learned,correct,0.2475299446792892
salt_pepper,clear,naive,correct,0.882130055703573
salt_pepper,clear,learned,correct,0.882130055703573
salt_pepper,clear,naive,correct,0.8885434223344796
salt_pepper,clear,learned,correct,0.8885434223344796
salt_pepper,clear,naive,correct,0.7364204893254321
salt_pepper,clear,learned,correct,0.7364204893254321
salt_pepper,clear,naive,correct,1.0741159875584265
salt_pepper,clear,learned,correct,1.0741159875584265
salt_pepper,clear,naive,correct,1.050516972046936
salt_pepper,clear,learned,correct,1.050516972046936
salt_pepper,clear,naive,correct,0.7019103584425316
salt_pepper,clear,learned,correct,0.7019103584425316
salt_pepper,clear,naive,correct,0.5027261359513512
salt_pepper,clear,learned,correct,0.5027261359513512
salt_pepper,clear,naive,correct,0.8144792062926596
salt_pepper,clear,learned,correct,0.8144792062926596
salt_pepper,clear,naive,correct,0.5677367910298543
salt_pepper,clear,learned,correct,0.5677367910298543
salt_pepper,clear,naive,correct,1.039083789581269
salt_pepper,clear,learned,correct,1.039083789581269
salt_pepper,clear,naive,correct,0.9175805878354034
salt_pepper,clear,learned,correct,0.9175805878354034
salt_pepper,clear,naive,correct,0.7563797656650699
salt_pepper,clear,learned,correct,0.7563797656650699
salt_pepper,clear,naive,correct,0.9803663912394643
salt_pepper,clear,learned,correct,0.9803663912394643
salt_pepper,clear,naive,correct,1.0229856346061394
salt_pepper,clear,learned,correct,1.0229856346061394
salt_pepper,clear,naive,correct,0.645281323169278
salt_pepper,clear,learned,correct,0.645281323169278
salt_pepper,clear,naive,correct,0.8414389161134704
salt_pepper,clear,learned,correct,0.8414389161134704
salt_pepper,clear,naive,correct,0.9648600317393031
salt_pepper,clear,learned,correct,0.9648600317393031
salt_pepper,clear,naive,correct,0.9793504678439614
salt_pepper,clear,learned,correct,0.9793504678439614
salt_pepper,clear,naive,correct,0.9274157961007504
salt_pepper,clear,learned,correct,0.9274157961007504
salt_pepper,clear,naive,correct,0.9367785102857915
salt_pepper,clear,learned,correct,0.9367785102857915
salt_pepper,clear,naive,correct,0.7442139149517698
salt_pepper,clear,learned,correct,0.7442139149517698
salt_pepper,clear,naive,correct,1.026889351732305
salt_pepper,clear,learned,correct,1.026889351732305
salt_pepper,clear,naive,correct,0.7654871270748368
salt_pepper,clear,learned,correct,0.7654871270748368
salt_pepper,clear,naive,correct,0.8371757110791838
salt_pepper,clear,learned,correct,0.8371757110791838
salt_pepper,clear,naive,correct,0.8140417640228252
salt_pepper,clear,learned,correct,0.8140417640228252
salt_pepper,haze,naive,correct,0.9859245125006163
salt_pepper,haze,learned,correct,0.9859245125006163
salt_pepper,haze,naive,correct,0.589781801510439
salt_pepper,haze,learned,correct,0.589781801510439
salt_pepper,haze,naive,correct,0.28042434215922657
salt_pepper,haze,learned,correct,0.28042434215922657
salt_pepper,haze,naive,correct,1.0495780276018607
salt_pepper,haze,learned,correct,1.0495780276018607
salt_pepper,haze,naive,correct,0.3725105622780944
salt_pepper,haze,learned,correct,0.3725105622780944
salt_pepper,haze,naive,correct,0.7130699980987978
salt_pepper,haze,learned,correct,0.7130699980987978
salt_pepper,haze,naive,correct,0.5003248295741067
salt_pepper,haze,learned,correct,0.5003248295741067
salt_pepper,haze,naive,correct,0.9499612741461058
salt_pepper,haze,learned,correct,0.9499612741461058
salt_pepper,haze,naive,correct,0.9381979069155512
salt_pepper,haze,learned,correct,0.9381979069155512
salt_pepper,haze,naive,correct,0.1882121132700956
salt_pepper,haze,learned,correct,0.1882121132700956
salt_pepper,haze,naive,correct,0.8903534867613412
salt_pepper,haze,learned,correct,0.8903534867613412
salt_pepper,haze,naive,correct,1.2472253516400962
salt_pepper,haze,learned,correct,1.2472253516400962
salt_pepper,haze,naive,correct,0.9979301095790205
salt_pepper,haze,learned,correct,0.9979301095790205
salt_pepper,haze,naive,correct,0.817375028100335
salt_pepper,haze,learned,correct,0.817375028100335
salt_pepper,haze,naive,correct,1.1297374452824174
salt_pepper,haze,learned,correct,1.1297374452824174
salt_pepper,haze,naive,correct,0.6110103675349238
salt_pepper,haze,learned,correct,0.6110103675349238
salt_pepper,haze,naive,correct,0.9146405968763756
salt_pepper,haze,learned,correct,0.9146405968763756
salt_pepper,haze,naive,correct,0.6584198930034868
salt_pepper,haze,learned,correct,0.6584198930034868
salt_pepper,haze,naive,correct,0.2909861654751218
salt_pepper,haze,learned,correct,0.2909861654751218
salt_pepper,haze,naive,correct,1.3361016146617737
salt_pepper,haze,learned,correct,1.3361016146617737
salt_pepper,haze,naive,correct,0.3893041355258509
salt_pepper,haze,learned,correct,0.3893041355258509
salt_pepper,haze,naive,correct,0.6437489954935638
salt_pepper,haze,learned,correct,0.6437489954935638
salt_pepper,haze,naive,correct,0.9119802860862145
salt_pepper,haze,learned,correct,0.9119802860862145
salt_pepper,haze,naive,correct,1.0643286811318815
salt_pepper,haze,learned,correct,1.0643286811318815
salt_pepper,haze,naive,correct,0.6982646131258656
salt_pepper,haze,learned,correct,0.6982646131258656
salt_pepper,haze,naive,correct,0.4811239821807578
salt_pepper,haze,learned,correct,0.4811239821807578
salt_pepper,haze,naive,correct,0.3432398202135996
salt_pepper,haze,learned,correct,0.3432398202135996
salt_pepper,haze,naive,correct,0.3915625444228657
salt_pepper,haze,learned,correct,0.3915625444228657
salt_pepper,haze,naive,correct,0.9300631484843358
salt_pepper,haze,learned,correct,0.9300631484843358
salt_pepper,haze,naive,correct,0.9889681423053873
salt_pepper,haze,learned,correct,0.9889681423053873
salt_pepper,fog,naive,correct,0.8360625032113603
salt_pepper,fog,learned,correct,0.8360625032113603
salt_pepper,fog,naive,correct,0.8311292403087557
salt_pepper,fog,learned,correct,0.8311292403087557
salt_pepper,fog,naive,correct,1.0429354730213916
salt_pepper,fog,learned,correct,1.0429354730213916
salt_pepper,fog,naive,correct,0.9764625475368983
salt_pepper,fog,learned,correct,0.9764625475368983
salt_pepper,fog,naive,correct,0.9570489973089751
salt_pepper,fog,learned,correct,0.9570489973089751
salt_pepper,fog,naive,correct,0.2578300403242918
salt_pepper,fog,learned,correct,0.2578300403242918
salt_pepper,fog,naive,correct,0.8586993245877279
salt_pepper,fog,learned,correct,0.8586993245877279
salt_pepper,fog,naive,correct,0.8189482220651609
salt_pepper,fog,learned,correct,0.8189482220651609
salt_pepper,fog,naive,correct,0.6306095786620047
salt_pepper,fog,learned,correct,0.6306095786620047
salt_pepper,fog,naive,correct,1.024266795516914
salt_pepper,fog,learned,correct,1.024266795516914
salt_pepper,fog,naive,correct,0.9589853817359729
salt_pepper,fog,learned,correct,0.9589853817359729
salt_pepper,fog,naive,correct,0.9280306334472744
salt_pepper,fog,learned,correct,0.9280306334472744
salt_pepper,fog,naive,correct,0.7091145330873974
salt_pepper,fog,learned,correct,0.7091145330873974
salt_pepper,fog,naive,correct,0.35446605441028595
salt_pepper,fog,learned,correct,0.35446605441028595
salt_pepper,fog,naive,correct,0.7254869050258699
salt_pepper,fog,learned,correct,0.7254869050258699
salt_pepper,fog,naive,correct,0.6289969578596147
salt_pepper,fog,learned,correct,0.6289969578596147
salt_pepper,fog,naive,correct,0.545922529038555
salt_pepper,fog,learned,correct,0.545922529038555
salt_pepper,fog,naive,correct,0.6857620298728794
salt_pepper,fog,learned,correct,0.6857620298728794
salt_pepper,fog,naive,correct,0.4949854194161165
salt_pepper,fog,learned,correct,0.4949854194161165
salt_pepper,fog,naive,correct,0.7696585043660426
salt_pepper,fog,learned,correct,0.7696585043660426
salt_pepper,fog,naive,correct,1.1813830389179545
salt_pepper,fog,learned,correct,1.1813830389179545
salt_pepper,fog,naive,correct,0.6330482200605
salt_pepper,fog,learned,correct,0.6330482200605
salt_pepper,fog,naive,correct,0.5262694533363549
salt_pepper,fog,learned,correct,0.5262694533363549
salt_pepper,fog,naive,correct,0.8004910094684118
salt_pepper,fog,learned,correct,0.8004910094684118
salt_pepper,fog,naive,correct,1.0176444338105681
salt_pepper,fog,learned,correct,1.0176444338105681
salt_pepper,fog,naive,correct,0.9217269475382003
salt_pepper,fog,learned,correct,0.9217269475382003
salt_pepper,fog,naive,correct,1.1003951532143517
salt_pepper,fog,learned,correct,1.1003951532143517
salt_pepper,fog,naive,correct,0.08084442093122808
salt_pepper,fog,learned,correct,0.08084442093122808
salt_pepper,fog,naive,correct,1.0362808585822587
salt_pepper,fog,learned,correct,1.0362808585822587
salt_pepper,fog,naive,correct,0.687598485888387
salt_pepper,fog,learned,correct,0.687598485888387
salt_pepper,rain,naive,correct,1.0974569677691666
salt_pepper,rain,learned,correct,1.0974569677691666
salt_pepper,rain,naive,correct,0.9593845113727502
salt_pepper,rain,learned,correct,0.9593845113727502
salt_pepper,rain,naive,correct,0.8869387945569861
salt_pepper,rain,learned,correct,0.8869387945569861
salt_pepper,rain,naive,correct,1.2431083212870044
salt_pepper,rain,learned,correct,1.2431083212870044
salt_pepper,rain,naive,correct,0.9259922888332781
salt_pepper,rain,learned,correct,0.9259922888332781
salt_pepper,rain,naive,correct,0.8141588038897455
salt_pepper,rain,learned,correct,0.8141588038897455
salt_pepper,rain,naive,correct,0.6374934792426238
salt_pepper,rain,learned,correct,0.6374934792426238
salt_pepper,rain,naive,correct,1.19645382288196
salt_pepper,rain,learned,correct,1.19645382288196
salt_pepper,rain,naive,correct,0.6388983232509907
salt_pepper,rain,learned,correct,0.6388983232509907
salt_pepper,rain,naive,correct,1.0829830757876393
salt_pepper,rain,learned,correct,1.0829830757876393
salt_pepper,rain,naive,correct,0.2561091534699022
salt_pepper,rain,learned,correct,0.2561091534699022
salt_pepper,rain,naive,correct,0.9365375149041971
salt_pepper,rain,learned,correct,0.9365375149041971
salt_pepper,rain,naive,correct,0.4672620473525171
salt_pepper,rain,learned,correct,0.4672620473525171
salt_pepper,rain,naive,correct,0.919032341122842
salt_pepper,rain,learned,correct,0.919032341122842
salt_pepper,rain,naive,correct,0.6383996252474962
salt_pepper,rain,learned,correct,0.6383996252474962
salt_pepper,rain,naive,correct,0.998384186025121
salt_pepper,rain,learned,correct,0.998384186025121
salt_pepper,rain,naive,correct,0.45999453624567765
salt_pepper,rain,learned,correct,0.45999453624567765
salt_pepper,rain,naive,correct,1.0426234394414466
salt_pepper,rain,learned,correct,1.0426234394414466
salt_pepper,rain,naive,correct,0.8366594621740474
salt_pepper,rain,learned,correct,0.8366594621740474
salt_pepper,rain,naive,correct,0.523038714945051
salt_pepper,rain,learned,correct,0.523038714945051
salt_pepper,rain,naive,correct,0.5927876993276313
salt_pepper,rain,learned,correct,0.5927876993276313
salt_pepper,rain,naive,correct,1.2398564962035534
salt_pepper,rain,learned,correct,1.2398564962035534
salt_pepper,rain,naive,correct,0.6040264959098921
salt_pepper,rain,learned,correct,0.6040264959098921
salt_pepper,rain,naive,correct,1.1867835609041013
salt_pepper,rain,learned,correct,1.1867835609041013
salt_pepper,rain,naive,correct,0.5258194088459187
salt_pepper,rain,learned,correct,0.5258194088459187
salt_pepper,rain,naive,correct,1.288117684659377
salt_pepper,rain,learned,correct,1.288117684659377
salt_pepper,rain,naive,correct,0.22632262662177044
salt_pepper,rain,learned,correct,0.22632262662177044
salt_pepper,rain,naive,correct,0.9964022638618539
salt_pepper,rain,learned,correct,0.9964022638618539
salt_pepper,rain,naive,correct,1.0971520545888973
salt_pepper,rain,learned,correct,1.0971520545888973
salt_pepper,rain,naive,correct,1.021529266376038
salt_pepper,rain,learned,correct,1.021529266376038
salt_pepper,low_light,naive,false_lock,421.9712428938919
salt_pepper,low_light,learned,no_detection,
salt_pepper,low_light,naive,false_lock,467.14265526857406
salt_pepper,low_light,learned,no_detection,
salt_pepper,low_light,naive,false_lock,149.66865017340808
salt_pepper,low_light,learned,no_detection,
salt_pepper,low_light,naive,false_lock,441.36395879335305
salt_pepper,low_light,learned,no_detection,
salt_pepper,low_light,naive,false_lock,196.67614978947663
salt_pepper,low_light,learned,no_detection,
salt_pepper,low_light,naive,false_lock,332.74019469949263
salt_pepper,low_light,learned,no_detection,
salt_pepper,low_light,naive,false_lock,163.21676361390917
salt_pepper,low_light,learned,no_detection,
salt_pepper,low_light,naive,false_lock,99.16002469491538
salt_pepper,low_light,learned,no_detection,
salt_pepper,low_light,naive,false_lock,427.58571404359105
salt_pepper,low_light,learned,no_detection,
salt_pepper,low_light,naive,false_lock,237.5175728961783
salt_pepper,low_light,learned,no_detection,
salt_pepper,low_light,naive,false_lock,569.4155740884485
salt_pepper,low_light,learned,no_detection,
salt_pepper,low_light,naive,false_lock,339.9630113012035
salt_pepper,low_light,learned,no_detection,
salt_pepper,low_light,naive,false_lock,211.0795365549738
salt_pepper,low_light,learned,no_detection,
salt_pepper,low_light,naive,false_lock,228.64221700114
salt_pepper,low_light,learned,no_detection,
salt_pepper,low_light,naive,false_lock,231.5569244854364
salt_pepper,low_light,learned,no_detection,
salt_pepper,low_light,naive,false_lock,578.3460261303254
salt_pepper,low_light,learned,no_detection,
salt_pepper,low_light,naive,false_lock,434.03830694977535
salt_pepper,low_light,learned,no_detection,
salt_pepper,low_light,naive,false_lock,326.0684803802094
salt_pepper,low_light,learned,no_detection,
salt_pepper,low_light,naive,false_lock,213.22671838138882
salt_pepper,low_light,learned,no_detection,
salt_pepper,low_light,naive,false_lock,546.2483000205184
salt_pepper,low_light,learned,no_detection,
salt_pepper,low_light,naive,false_lock,229.58287114402341
salt_pepper,low_light,learned,no_detection,
salt_pepper,low_light,naive,false_lock,304.10337348336645
salt_pepper,low_light,learned,no_detection,
salt_pepper,low_light,naive,false_lock,158.74381057686026
salt_pepper,low_light,learned,no_detection,
salt_pepper,low_light,naive,false_lock,241.15332403045667
salt_pepper,low_light,learned,no_detection,
salt_pepper,low_light,naive,false_lock,507.22121530059314
salt_pepper,low_light,learned,no_detection,
salt_pepper,low_light,naive,false_lock,557.8169345432259
salt_pepper,low_light,learned,no_detection,
salt_pepper,low_light,naive,false_lock,425.77315301454627
salt_pepper,low_light,learned,no_detection,
salt_pepper,low_light,naive,false_lock,530.9867206326908
salt_pepper,low_light,learned,no_detection,
salt_pepper,low_light,naive,false_lock,473.39546789587854
salt_pepper,low_light,learned,no_detection,
salt_pepper,low_light,naive,false_lock,170.34052727809194
salt_pepper,low_light,learned,no_detection,
poisson,clear,naive,correct,0.6112604973846459
poisson,clear,learned,correct,0.6112604973846459
poisson,clear,naive,correct,0.9757751674984164
poisson,clear,learned,correct,0.9757751674984164
poisson,clear,naive,correct,1.013349104851431
poisson,clear,learned,correct,1.013349104851431
poisson,clear,naive,correct,0.39182133717543277
poisson,clear,learned,correct,0.39182133717543277
poisson,clear,naive,correct,0.24647742302110837
poisson,clear,learned,correct,0.24647742302110837
poisson,clear,naive,correct,0.25135699153469404
poisson,clear,learned,correct,0.25135699153469404
poisson,clear,naive,correct,0.6127273671215049
poisson,clear,learned,correct,0.6127273671215049
poisson,clear,naive,correct,0.9811306291159981
poisson,clear,learned,correct,0.9811306291159981
poisson,clear,naive,correct,0.9389658692399757
poisson,clear,learned,correct,0.9389658692399757
poisson,clear,naive,correct,0.10881798194631151
poisson,clear,learned,correct,0.10881798194631151
poisson,clear,naive,correct,0.7430770967658297
poisson,clear,learned,correct,0.7430770967658297
poisson,clear,naive,correct,0.675893928558198
poisson,clear,learned,correct,0.675893928558198
poisson,clear,naive,correct,0.853860507750481
poisson,clear,learned,correct,0.853860507750481
poisson,clear,naive,correct,0.20032459941767009
poisson,clear,learned,correct,0.20032459941767009
poisson,clear,naive,correct,0.2608349600254891
poisson,clear,learned,correct,0.2608349600254891
poisson,clear,naive,correct,0.25145051908801225
poisson,clear,learned,correct,0.25145051908801225
poisson,clear,naive,correct,0.01598149713394189
poisson,clear,learned,correct,0.01598149713394189
poisson,clear,naive,correct,0.8153066731967857
poisson,clear,learned,correct,0.8153066731967857
poisson,clear,naive,correct,0.6022490171789748
poisson,clear,learned,correct,0.6022490171789748
poisson,clear,naive,correct,0.3639085374042325
poisson,clear,learned,correct,0.3639085374042325
poisson,clear,naive,correct,0.9756571144080792
poisson,clear,learned,correct,0.9756571144080792
poisson,clear,naive,correct,0.806227776789357
poisson,clear,learned,correct,0.806227776789357
poisson,clear,naive,correct,0.9508346952610957
poisson,clear,learned,correct,0.9508346952610957
poisson,clear,naive,correct,1.0674589724832702
poisson,clear,learned,correct,1.0674589724832702
poisson,clear,naive,correct,0.9740056751557734
poisson,clear,learned,correct,0.9740056751557734
poisson,clear,naive,correct,1.0344914662821354
poisson,clear,learned,correct,1.0344914662821354
poisson,clear,naive,correct,0.7425347253488866
poisson,clear,learned,correct,0.7425347253488866
poisson,clear,naive,correct,0.7050233890409173
poisson,clear,learned,correct,0.7050233890409173
poisson,clear,naive,correct,0.7897687706005542
poisson,clear,learned,correct,0.7897687706005542
poisson,clear,naive,correct,0.633163649148269
poisson,clear,learned,correct,0.633163649148269
poisson,haze,naive,correct,0.7135443539928668
poisson,haze,learned,correct,0.7135443539928668
poisson,haze,naive,correct,0.8876020091085463
poisson,haze,learned,correct,0.8876020091085463
poisson,haze,naive,correct,1.256767518571904
poisson,haze,learned,correct,1.256767518571904
poisson,haze,naive,correct,0.49162979647023036
poisson,haze,learned,correct,0.49162979647023036
poisson,haze,naive,correct,0.6909421519276345
poisson,haze,learned,correct,0.6909421519276345
poisson,haze,naive,correct,0.9918489211210456
poisson,haze,learned,correct,0.9918489211210456
poisson,haze,naive,correct,0.9813627661701672
poisson,haze,learned,correct,0.9813627661701672
poisson,haze,naive,correct,0.1103397700734658
poisson,haze,learned,correct,0.1103397700734658
poisson,haze,naive,correct,0.9894991799316952
poisson,haze,learned,correct,0.9894991799316952
poisson,haze,naive,correct,0.23468298131267584
poisson,haze,learned,correct,0.23468298131267584
poisson,haze,naive,correct,0.538024702332867
poisson,haze,learned,correct,0.538024702332867
poisson,haze,naive,correct,0.8741535936665258
poisson,haze,learned,correct,0.8741535936665258
poisson,haze,naive,correct,1.1354576837435406
poisson,haze,learned,correct,1.1354576837435406
poisson,haze,naive,correct,0.6568592097434555
poisson,haze,learned,correct,0.6568592097434555
poisson,haze,naive,correct,0.5617440483630414
poisson,haze,learned,correct,0.5617440483630414
poisson,haze,naive,correct,0.6820169623441046
poisson,haze,learned,correct,0.6820169623441046
poisson,haze,naive,correct,0.648926447529885
poisson,haze,learned,correct,0.648926447529885
poisson,haze,naive,correct,0.8089973971812249
poisson,haze,learned,correct,0.8089973971812249
poisson,haze,naive,correct,0.8541780616813427
poisson,haze,learned,correct,0.8541780616813427
poisson,haze,naive,correct,0.9276279769172392
poisson,haze,learned,correct,0.9276279769172392
poisson,haze,naive,correct,0.45047079690860503
poisson,haze,learned,correct,0.45047079690860503
poisson,haze,naive,correct,0.8035150468215445
poisson,haze,learned,correct,0.8035150468215445
poisson,haze,naive,correct,0.5527551264317498
poisson,haze,learned,correct,0.5527551264317498
poisson,haze,naive,correct,0.7668546589240293
poisson,haze,learned,correct,0.7668546589240293
poisson,haze,naive,correct,0.5832903986596727
poisson,haze,learned,correct,0.5832903986596727
poisson,haze,naive,correct,0.9486544564454836
poisson,haze,learned,correct,0.9486544564454836
poisson,haze,naive,correct,1.172588972845705
poisson,haze,learned,correct,1.172588972845705
poisson,haze,naive,correct,1.1214046351222529
poisson,haze,learned,correct,1.1214046351222529
poisson,haze,naive,correct,0.8052056409803694
poisson,haze,learned,correct,0.8052056409803694
poisson,haze,naive,correct,0.5571658146403877
poisson,haze,learned,correct,0.5571658146403877
poisson,fog,naive,false_lock,202.37346677984175
poisson,fog,learned,no_detection,
poisson,fog,naive,false_lock,650.6909700029292
poisson,fog,learned,no_detection,
poisson,fog,naive,false_lock,448.53541297510304
poisson,fog,learned,no_detection,
poisson,fog,naive,false_lock,339.6567920779937
poisson,fog,learned,no_detection,
poisson,fog,naive,false_lock,434.20603094698606
poisson,fog,learned,no_detection,
poisson,fog,naive,false_lock,358.9898776444432
poisson,fog,learned,no_detection,
poisson,fog,naive,false_lock,333.43679711855157
poisson,fog,learned,no_detection,
poisson,fog,naive,false_lock,496.8328484922762
poisson,fog,learned,no_detection,
poisson,fog,naive,false_lock,164.34426414066365
poisson,fog,learned,no_detection,
poisson,fog,naive,false_lock,299.61605554931714
poisson,fog,learned,no_detection,
poisson,fog,naive,false_lock,412.39500946494746
poisson,fog,learned,no_detection,
poisson,fog,naive,false_lock,155.56190843820568
poisson,fog,learned,no_detection,
poisson,fog,naive,false_lock,241.78745192882207
poisson,fog,learned,false_lock,241.78745192882207
poisson,fog,naive,false_lock,308.9075895405265
poisson,fog,learned,no_detection,
poisson,fog,naive,false_lock,474.7885063996455
poisson,fog,learned,no_detection,
poisson,fog,naive,false_lock,258.2365950697061
poisson,fog,learned,no_detection,
poisson,fog,naive,false_lock,475.1087492246579
poisson,fog,learned,no_detection,
poisson,fog,naive,false_lock,90.85945658886386
poisson,fog,learned,no_detection,
poisson,fog,naive,false_lock,224.01092213115408
poisson,fog,learned,no_detection,
poisson,fog,naive,false_lock,492.24989604043907
poisson,fog,learned,no_detection,
poisson,fog,naive,false_lock,150.70627239589265
poisson,fog,learned,no_detection,
poisson,fog,naive,false_lock,183.99293439498325
poisson,fog,learned,no_detection,
poisson,fog,naive,false_lock,676.1413123736672
poisson,fog,learned,no_detection,
poisson,fog,naive,false_lock,543.4812879072553
poisson,fog,learned,no_detection,
poisson,fog,naive,false_lock,136.22057760830833
poisson,fog,learned,no_detection,
poisson,fog,naive,false_lock,389.439459479072
poisson,fog,learned,no_detection,
poisson,fog,naive,false_lock,402.2514270291066
poisson,fog,learned,no_detection,
poisson,fog,naive,false_lock,492.4463901940799
poisson,fog,learned,no_detection,
poisson,fog,naive,false_lock,318.91999031074334
poisson,fog,learned,no_detection,
poisson,fog,naive,false_lock,605.6702343720694
poisson,fog,learned,false_lock,605.6702343720694
poisson,rain,naive,correct,0.4373187593852303
poisson,rain,learned,correct,0.4373187593852303
poisson,rain,naive,correct,1.2812031390721208
poisson,rain,learned,correct,1.2812031390721208
poisson,rain,naive,correct,1.0666275991851386
poisson,rain,learned,correct,1.0666275991851386
poisson,rain,naive,correct,1.1815952969560375
poisson,rain,learned,correct,1.1815952969560375
poisson,rain,naive,correct,0.504803666088549
poisson,rain,learned,correct,0.504803666088549
poisson,rain,naive,correct,0.44256872757815185
poisson,rain,learned,correct,0.44256872757815185
poisson,rain,naive,correct,0.728123632542752
poisson,rain,learned,correct,0.728123632542752
poisson,rain,naive,correct,0.8374050335681424
poisson,rain,learned,correct,0.8374050335681424
poisson,rain,naive,correct,0.697664354155622
poisson,rain,learned,correct,0.697664354155622
poisson,rain,naive,correct,0.17953974388885122
poisson,rain,learned,correct,0.17953974388885122
poisson,rain,naive,correct,0.8844018289498229
poisson,rain,learned,correct,0.8844018289498229
poisson,rain,naive,correct,1.2010774144321168
poisson,rain,learned,correct,1.2010774144321168
poisson,rain,naive,correct,0.684057858783702
poisson,rain,learned,correct,0.684057858783702
poisson,rain,naive,correct,0.8342677170545918
poisson,rain,learned,correct,0.8342677170545918
poisson,rain,naive,correct,0.31455715469070855
poisson,rain,learned,correct,0.31455715469070855
poisson,rain,naive,correct,0.9769511863817176
poisson,rain,learned,correct,0.9769511863817176
poisson,rain,naive,correct,0.6452800666855458
poisson,rain,learned,correct,0.6452800666855458
poisson,rain,naive,correct,0.3673748483326081
poisson,rain,learned,correct,0.3673748483326081
poisson,rain,naive,correct,1.0153692689583869
poisson,rain,learned,correct,1.0153692689583869
poisson,rain,naive,correct,1.1161105100101112
poisson,rain,learned,correct,1.1161105100101112
poisson,rain,naive,correct,1.2279117912731894
poisson,rain,learned,correct,1.2279117912731894
poisson,rain,naive,correct,0.8460003815634548
poisson,rain,learned,correct,0.8460003815634548
poisson,rain,naive,correct,0.9019755643800732
poisson,rain,learned,correct,0.9019755643800732
poisson,rain,naive,correct,0.6726871753862061
poisson,rain,learned,correct,0.6726871753862061
poisson,rain,naive,correct,0.5174362611711257
poisson,rain,learned,correct,0.5174362611711257
poisson,rain,naive,correct,0.9797689602481592
poisson,rain,learned,correct,0.9797689602481592
poisson,rain,naive,correct,1.1210215326336017
poisson,rain,learned,correct,1.1210215326336017
poisson,rain,naive,correct,0.523051844238935
poisson,rain,learned,correct,0.523051844238935
poisson,rain,naive,correct,0.5982351234433604
poisson,rain,learned,correct,0.5982351234433604
poisson,rain,naive,correct,0.6079280112149477
poisson,rain,learned,correct,0.6079280112149477
poisson,low_light,naive,correct,0.3160781299823209
poisson,low_light,learned,correct,0.3160781299823209
poisson,low_light,naive,correct,0.6122510621124867
poisson,low_light,learned,correct,0.6122510621124867
poisson,low_light,naive,correct,0.5449216523680805
poisson,low_light,learned,correct,0.5449216523680805
poisson,low_light,naive,correct,1.2683323757521645
poisson,low_light,learned,correct,1.2683323757521645
poisson,low_light,naive,correct,0.9740542574767331
poisson,low_light,learned,correct,0.9740542574767331
poisson,low_light,naive,correct,0.6700225502677717
poisson,low_light,learned,correct,0.6700225502677717
poisson,low_light,naive,correct,0.48600013826557154
poisson,low_light,learned,correct,0.48600013826557154
poisson,low_light,naive,correct,0.9733930049328623
poisson,low_light,learned,correct,0.9733930049328623
poisson,low_light,naive,correct,1.2069985929387907
poisson,low_light,learned,correct,1.2069985929387907
poisson,low_light,naive,correct,1.1949941027385693
poisson,low_light,learned,correct,1.1949941027385693
poisson,low_light,naive,correct,0.9989481034260329
poisson,low_light,learned,correct,0.9989481034260329
poisson,low_light,naive,correct,0.48604400267810843
poisson,low_light,learned,correct,0.48604400267810843
poisson,low_light,naive,correct,1.268203863470539
poisson,low_light,learned,correct,1.268203863470539
poisson,low_light,naive,correct,0.5383577379966209
poisson,low_light,learned,correct,0.5383577379966209
poisson,low_light,naive,correct,0.7773633354975925
poisson,low_light,learned,correct,0.7773633354975925
poisson,low_light,naive,correct,0.8810191135810874
poisson,low_light,learned,correct,0.8810191135810874
poisson,low_light,naive,correct,0.9322835317273938
poisson,low_light,learned,correct,0.9322835317273938
poisson,low_light,naive,correct,0.5953684978079434
poisson,low_light,learned,correct,0.5953684978079434
poisson,low_light,naive,correct,0.3484932496055988
poisson,low_light,learned,correct,0.3484932496055988
poisson,low_light,naive,correct,0.5570903672187135
poisson,low_light,learned,correct,0.5570903672187135
poisson,low_light,naive,correct,0.45053438078261365
poisson,low_light,learned,correct,0.45053438078261365
poisson,low_light,naive,correct,0.3992128773064169
poisson,low_light,learned,correct,0.3992128773064169
poisson,low_light,naive,correct,0.9516674982687214
poisson,low_light,learned,correct,0.9516674982687214
poisson,low_light,naive,correct,0.7387336389852949
poisson,low_light,learned,correct,0.7387336389852949
poisson,low_light,naive,correct,0.9647212974169227
poisson,low_light,learned,correct,0.9647212974169227
poisson,low_light,naive,correct,0.6924231396939109
poisson,low_light,learned,correct,0.6924231396939109
poisson,low_light,naive,correct,0.8496088468536431
poisson,low_light,learned,correct,0.8496088468536431
poisson,low_light,naive,correct,0.9137147737679749
poisson,low_light,learned,correct,0.9137147737679749
poisson,low_light,naive,correct,1.3005232752587823
poisson,low_light,learned,correct,1.3005232752587823
poisson,low_light,naive,correct,0.5831107542116303
poisson,low_light,learned,correct,0.5831107542116303
gaussian+salt_pepper,clear,naive,correct,0.6371780814978361
gaussian+salt_pepper,clear,learned,correct,0.6371780814978361
gaussian+salt_pepper,clear,naive,correct,0.990577177602621
gaussian+salt_pepper,clear,learned,correct,0.990577177602621
gaussian+salt_pepper,clear,naive,correct,0.23130496936820283
gaussian+salt_pepper,clear,learned,correct,0.23130496936820283
gaussian+salt_pepper,clear,naive,correct,1.0175563104801757
gaussian+salt_pepper,clear,learned,correct,1.0175563104801757
gaussian+salt_pepper,clear,naive,correct,0.06516871950704496
gaussian+salt_pepper,clear,learned,correct,0.06516871950704496
gaussian+salt_pepper,clear,naive,correct,0.6137776283986475
gaussian+salt_pepper,clear,learned,correct,0.6137776283986475
gaussian+salt_pepper,clear,naive,correct,0.937442155201566
gaussian+salt_pepper,clear,learned,correct,0.937442155201566
gaussian+salt_pepper,clear,naive,correct,0.3830028581661533
gaussian+salt_pepper,clear,learned,correct,0.3830028581661533
gaussian+salt_pepper,clear,naive,correct,0.802166421451541
gaussian+salt_pepper,clear,learned,correct,0.802166421451541
gaussian+salt_pepper,clear,naive,correct,0.9704382125392966
gaussian+salt_pepper,clear,learned,correct,0.9704382125392966
gaussian+salt_pepper,clear,naive,correct,0.31435766667039144
gaussian+salt_pepper,clear,learned,correct,0.31435766667039144
gaussian+salt_pepper,clear,naive,correct,1.0722059864015367
gaussian+salt_pepper,clear,learned,correct,1.0722059864015367
gaussian+salt_pepper,clear,naive,correct,0.24748154812347545
gaussian+salt_pepper,clear,learned,correct,0.24748154812347545
gaussian+salt_pepper,clear,naive,correct,0.43385479029884955
gaussian+salt_pepper,clear,learned,correct,0.43385479029884955
gaussian+salt_pepper,clear,naive,correct,1.10495499335312
gaussian+salt_pepper,clear,learned,correct,1.10495499335312
gaussian+salt_pepper,clear,naive,correct,0.9572488075903237
gaussian+salt_pepper,clear,learned,correct,0.9572488075903237
gaussian+salt_pepper,clear,naive,correct,0.8234050686282632
gaussian+salt_pepper,clear,learned,correct,0.8234050686282632
gaussian+salt_pepper,clear,naive,correct,0.5232406531425622
gaussian+salt_pepper,clear,learned,correct,0.5232406531425622
gaussian+salt_pepper,clear,naive,correct,0.23295684925829493
gaussian+salt_pepper,clear,learned,correct,0.23295684925829493
gaussian+salt_pepper,clear,naive,correct,0.2812686993468005
gaussian+salt_pepper,clear,learned,correct,0.2812686993468005
gaussian+salt_pepper,clear,naive,correct,0.9635802753099518
gaussian+salt_pepper,clear,learned,correct,0.9635802753099518
gaussian+salt_pepper,clear,naive,correct,0.9904235439357634
gaussian+salt_pepper,clear,learned,correct,0.9904235439357634
gaussian+salt_pepper,clear,naive,correct,1.0308731320815903
gaussian+salt_pepper,clear,learned,correct,1.0308731320815903
gaussian+salt_pepper,clear,naive,correct,0.4432984404784771
gaussian+salt_pepper,clear,learned,correct,0.4432984404784771
gaussian+salt_pepper,clear,naive,correct,0.29267821013442064
gaussian+salt_pepper,clear,learned,correct,0.29267821013442064
gaussian+salt_pepper,clear,naive,correct,0.9850265002384475
gaussian+salt_pepper,clear,learned,correct,0.9850265002384475
gaussian+salt_pepper,clear,naive,correct,0.1286748901400312
gaussian+salt_pepper,clear,learned,correct,0.1286748901400312
gaussian+salt_pepper,clear,naive,correct,0.29746945787310214
gaussian+salt_pepper,clear,learned,correct,0.29746945787310214
gaussian+salt_pepper,clear,naive,correct,0.8091452172083694
gaussian+salt_pepper,clear,learned,correct,0.8091452172083694
gaussian+salt_pepper,clear,naive,correct,0.7923153518627487
gaussian+salt_pepper,clear,learned,correct,0.7923153518627487
gaussian+salt_pepper,haze,naive,correct,1.1935428446798877
gaussian+salt_pepper,haze,learned,correct,1.1935428446798877
gaussian+salt_pepper,haze,naive,correct,0.5891549961678093
gaussian+salt_pepper,haze,learned,correct,0.5891549961678093
gaussian+salt_pepper,haze,naive,correct,0.6426693627694221
gaussian+salt_pepper,haze,learned,correct,0.6426693627694221
gaussian+salt_pepper,haze,naive,correct,0.3482262472772035
gaussian+salt_pepper,haze,learned,correct,0.3482262472772035
gaussian+salt_pepper,haze,naive,correct,0.9366175601288714
gaussian+salt_pepper,haze,learned,correct,0.9366175601288714
gaussian+salt_pepper,haze,naive,correct,0.9189111169955982
gaussian+salt_pepper,haze,learned,correct,0.9189111169955982
gaussian+salt_pepper,haze,naive,correct,1.1888011354498764
gaussian+salt_pepper,haze,learned,correct,1.1888011354498764
gaussian+salt_pepper,haze,naive,correct,1.0673268717541673
gaussian+salt_pepper,haze,learned,correct,1.0673268717541673
gaussian+salt_pepper,haze,naive,correct,0.9241133388198002
gaussian+salt_pepper,haze,learned,correct,0.9241133388198002
gaussian+salt_pepper,haze,naive,correct,0.8795258601308191
gaussian+salt_pepper,haze,learned,correct,0.8795258601308191
gaussian+salt_pepper,haze,naive,correct,1.1033415838469631
gaussian+salt_pepper,haze,learned,correct,1.1033415838469631
gaussian+salt_pepper,haze,naive,correct,1.1392966628373675
gaussian+salt_pepper,haze,learned,correct,1.1392966628373675
gaussian+salt_pepper,haze,naive,correct,0.17159356501654682
gaussian+salt_pepper,haze,learned,correct,0.17159356501654682
gaussian+salt_pepper,haze,naive,correct,0.4539999933975765
gaussian+salt_pepper,haze,learned,correct,0.4539999933975765
gaussian+salt_pepper,haze,naive,correct,0.9203540901647705
gaussian+salt_pepper,haze,learned,correct,0.9203540901647705
gaussian+salt_pepper,haze,naive,correct,0.7538321457015246
gaussian+salt_pepper,haze,learned,correct,0.7538321457015246
gaussian+salt_pepper,haze,naive,correct,0.36682474034842694
gaussian+salt_pepper,haze,learned,correct,0.36682474034842694
gaussian+salt_pepper,haze,naive,correct,0.18607676168350062
gaussian+salt_pepper,haze,learned,correct,0.18607676168350062
gaussian+salt_pepper,haze,naive,correct,0.769443470102555
gaussian+salt_pepper,haze,learned,correct,0.769443470102555
gaussian+salt_pepper,haze,naive,correct,0.25704627399091723
gaussian+salt_pepper,haze,learned,correct,0.25704627399091723
gaussian+salt_pepper,haze,naive,correct,0.829255698573237
gaussian+salt_pepper,haze,learned,correct,0.829255698573237
gaussian+salt_pepper,haze,naive,correct,0.751270813189415
gaussian+salt_pepper,haze,learned,correct,0.751270813189415
gaussian+salt_pepper,haze,naive,correct,0.20703377124836356
gaussian+salt_pepper,haze,learned,correct,0.20703377124836356
gaussian+salt_pepper,haze,naive,correct,1.1509334607674873
gaussian+salt_pepper,haze,learned,correct,1.1509334607674873
gaussian+salt_pepper,haze,naive,correct,0.9665341082808231
gaussian+salt_pepper,haze,learned,correct,0.9665341082808231
gaussian+salt_pepper,haze,naive,correct,0.7847974427668171
gaussian+salt_pepper,haze,learned,correct,0.7847974427668171
gaussian+salt_pepper,haze,naive,correct,1.445069659581796
gaussian+salt_pepper,haze,learned,correct,1.445069659581796
gaussian+salt_pepper,haze,naive,correct,0.8768497342748806
gaussian+salt_pepper,haze,learned,correct,0.8768497342748806
gaussian+salt_pepper,haze,naive,correct,1.0269189991429672
gaussian+salt_pepper,haze,learned,correct,1.0269189991429672
gaussian+salt_pepper,haze,naive,correct,0.9085844852880874
gaussian+salt_pepper,haze,learned,correct,0.9085844852880874
gaussian+salt_pepper,fog,naive,correct,0.41891860740204917
gaussian+salt_pepper,fog,learned,correct,0.41891860740204917
gaussian+salt_pepper,fog,naive,correct,1.041335347072004
gaussian+salt_pepper,fog,learned,correct,1.041335347072004
gaussian+salt_pepper,fog,naive,correct,0.7135490636433179
gaussian+salt_pepper,fog,learned,correct,0.7135490636433179
gaussian+salt_pepper,fog,naive,correct,1.0539672426137814
gaussian+salt_pepper,fog,learned,correct,1.0539672426137814
gaussian+salt_pepper,fog,naive,correct,0.8115060923335282
gaussian+salt_pepper,fog,learned,correct,0.8115060923335282
gaussian+salt_pepper,fog,naive,correct,1.3111480192998672
gaussian+salt_pepper,fog,learned,correct,1.3111480192998672
gaussian+salt_pepper,fog,naive,correct,0.05480252740753484
gaussian+salt_pepper,fog,learned,correct,0.05480252740753484
gaussian+salt_pepper,fog,naive,correct,0.868573498312654
gaussian+salt_pepper,fog,learned,correct,0.868573498312654
gaussian+salt_pepper,fog,naive,correct,0.2285391987068297
gaussian+salt_pepper,fog,learned,correct,0.2285391987068297
gaussian+salt_pepper,fog,naive,correct,0.9281462068230673
gaussian+salt_pepper,fog,learned,correct,0.9281462068230673
gaussian+salt_pepper,fog,naive,correct,0.9143225056210067
gaussian+salt_pepper,fog,learned,correct,0.9143225056210067
gaussian+salt_pepper,fog,naive,correct,0.6298006653700098
gaussian+salt_pepper,fog,learned,correct,0.6298006653700098
gaussian+salt_pepper,fog,naive,correct,0.4723934077855617
gaussian+salt_pepper,fog,learned,correct,0.4723934077855617
gaussian+salt_pepper,fog,naive,correct,0.6683467672919927
gaussian+salt_pepper,fog,learned,correct,0.6683467672919927
gaussian+salt_pepper,fog,naive,correct,0.32110333932186635
gaussian+salt_pepper,fog,learned,correct,0.32110333932186635
gaussian+salt_pepper,fog,naive,correct,0.504604112066121
gaussian+salt_pepper,fog,learned,correct,0.504604112066121
gaussian+salt_pepper,fog,naive,correct,0.25486759812106025
gaussian+salt_pepper,fog,learned,correct,0.25486759812106025
gaussian+salt_pepper,fog,naive,correct,0.615628037635037
gaussian+salt_pepper,fog,learned,correct,0.615628037635037
gaussian+salt_pepper,fog,naive,correct,1.1754898563360943
gaussian+salt_pepper,fog,learned,correct,1.1754898563360943
gaussian+salt_pepper,fog,naive,correct,0.47672684734976006
gaussian+salt_pepper,fog,learned,correct,0.47672684734976006
gaussian+salt_pepper,fog,naive,correct,0.5496091973485369
gaussian+salt_pepper,fog,learned,correct,0.5496091973485369
gaussian+salt_pepper,fog,naive,correct,0.48732502209082157
gaussian+salt_pepper,fog,learned,correct,0.48732502209082157
gaussian+salt_pepper,fog,naive,correct,1.0487828340103724
gaussian+salt_pepper,fog,learned,correct,1.0487828340103724
gaussian+salt_pepper,fog,naive,correct,0.5690566543998123
gaussian+salt_pepper,fog,learned,correct,0.5690566543998123
gaussian+salt_pepper,fog,naive,correct,0.5264944867094757
gaussian+salt_pepper,fog,learned,correct,0.5264944867094757
gaussian+salt_pepper,fog,naive,correct,1.1396494571286977
gaussian+salt_pepper,fog,learned,correct,1.1396494571286977
gaussian+salt_pepper,fog,naive,correct,0.6865523365010745
gaussian+salt_pepper,fog,learned,correct,0.6865523365010745
gaussian+salt_pepper,fog,naive,correct,0.8589558420720839
gaussian+salt_pepper,fog,learned,correct,0.8589558420720839
gaussian+salt_pepper,fog,naive,correct,0.28623228926817706
gaussian+salt_pepper,fog,learned,correct,0.28623228926817706
gaussian+salt_pepper,fog,naive,correct,1.341040411528421
gaussian+salt_pepper,fog,learned,correct,1.341040411528421
gaussian+salt_pepper,rain,naive,correct,0.394193401832021
gaussian+salt_pepper,rain,learned,correct,0.394193401832021
gaussian+salt_pepper,rain,naive,correct,0.4810067586060998
gaussian+salt_pepper,rain,learned,correct,0.4810067586060998
gaussian+salt_pepper,rain,naive,correct,0.946060808532049
gaussian+salt_pepper,rain,learned,correct,0.946060808532049
gaussian+salt_pepper,rain,naive,correct,1.2316242188099504
gaussian+salt_pepper,rain,learned,correct,1.2316242188099504
gaussian+salt_pepper,rain,naive,correct,0.600303906539447
gaussian+salt_pepper,rain,learned,correct,0.600303906539447
gaussian+salt_pepper,rain,naive,correct,0.9362896903277484
gaussian+salt_pepper,rain,learned,correct,0.9362896903277484
gaussian+salt_pepper,rain,naive,correct,0.9397879369020694
gaussian+salt_pepper,rain,learned,correct,0.9397879369020694
gaussian+salt_pepper,rain,naive,correct,0.5990337075992639
gaussian+salt_pepper,rain,learned,correct,0.5990337075992639
gaussian+salt_pepper,rain,naive,correct,0.8242746303172261
gaussian+salt_pepper,rain,learned,correct,0.8242746303172261
gaussian+salt_pepper,rain,naive,correct,0.8484872997657288
gaussian+salt_pepper,rain,learned,correct,0.8484872997657288
gaussian+salt_pepper,rain,naive,correct,1.201362596472117
gaussian+salt_pepper,rain,learned,correct,1.201362596472117
gaussian+salt_pepper,rain,naive,correct,0.8004385031865352
gaussian+salt_pepper,rain,learned,correct,0.8004385031865352
gaussian+salt_pepper,rain,naive,correct,0.5929619990364071
gaussian+salt_pepper,rain,learned,correct,0.5929619990364071
gaussian+salt_pepper,rain,naive,correct,1.2509309038187801
gaussian+salt_pepper,rain,learned,correct,1.2509309038187801
gaussian+salt_pepper,rain,naive,correct,0.4398983988267359
gaussian+salt_pepper,rain,learned,correct,0.4398983988267359
gaussian+salt_pepper,rain,naive,correct,0.7369840977314753
gaussian+salt_pepper,rain,learned,correct,0.7369840977314753
gaussian+salt_pepper,rain,naive,correct,0.9205609117395016
gaussian+salt_pepper,rain,learned,correct,0.9205609117395016
gaussian+salt_pepper,rain,naive,correct,0.4177747305701086
gaussian+salt_pepper,rain,learned,correct,0.4177747305701086
gaussian+salt_pepper,rain,naive,correct,0.9006811962373346
gaussian+salt_pepper,rain,learned,correct,0.9006811962373346
gaussian+salt_pepper,rain,naive,correct,0.8444073018030394
gaussian+salt_pepper,rain,learned,correct,0.8444073018030394
gaussian+salt_pepper,rain,naive,correct,0.8824627459854069
gaussian+salt_pepper,rain,learned,correct,0.8824627459854069
gaussian+salt_pepper,rain,naive,correct,1.0425047741332212
gaussian+salt_pepper,rain,learned,correct,1.0425047741332212
gaussian+salt_pepper,rain,naive,correct,1.1734378495160334
gaussian+salt_pepper,rain,learned,correct,1.1734378495160334
gaussian+salt_pepper,rain,naive,correct,0.34000524661237685
gaussian+salt_pepper,rain,learned,correct,0.34000524661237685
gaussian+salt_pepper,rain,naive,correct,0.9953184286622943
gaussian+salt_pepper,rain,learned,correct,0.9953184286622943
gaussian+salt_pepper,rain,naive,correct,0.4186116896934804
gaussian+salt_pepper,rain,learned,correct,0.4186116896934804
gaussian+salt_pepper,rain,naive,correct,1.102293587211218
gaussian+salt_pepper,rain,learned,correct,1.102293587211218
gaussian+salt_pepper,rain,naive,correct,0.9151487417184296
gaussian+salt_pepper,rain,learned,correct,0.9151487417184296
gaussian+salt_pepper,rain,naive,correct,0.8331896226297733
gaussian+salt_pepper,rain,learned,correct,0.8331896226297733
gaussian+salt_pepper,rain,naive,correct,0.8981599597000424
gaussian+salt_pepper,rain,learned,correct,0.8981599597000424
gaussian+salt_pepper,low_light,naive,false_lock,585.5678744388005
gaussian+salt_pepper,low_light,learned,no_detection,
gaussian+salt_pepper,low_light,naive,false_lock,478.931022909831
gaussian+salt_pepper,low_light,learned,no_detection,
gaussian+salt_pepper,low_light,naive,false_lock,457.69696297366244
gaussian+salt_pepper,low_light,learned,no_detection,
gaussian+salt_pepper,low_light,naive,false_lock,166.22976883285673
gaussian+salt_pepper,low_light,learned,no_detection,
gaussian+salt_pepper,low_light,naive,false_lock,198.86050390230224
gaussian+salt_pepper,low_light,learned,no_detection,
gaussian+salt_pepper,low_light,naive,false_lock,280.69050903128584
gaussian+salt_pepper,low_light,learned,no_detection,
gaussian+salt_pepper,low_light,naive,false_lock,516.2363928237146
gaussian+salt_pepper,low_light,learned,no_detection,
gaussian+salt_pepper,low_light,naive,false_lock,237.89604374760887
gaussian+salt_pepper,low_light,learned,no_detection,
gaussian+salt_pepper,low_light,naive,false_lock,395.82583595001523
gaussian+salt_pepper,low_light,learned,no_detection,
gaussian+salt_pepper,low_light,naive,false_lock,198.52855210467777
gaussian+salt_pepper,low_light,learned,no_detection,
gaussian+salt_pepper,low_light,naive,false_lock,225.88581063483988
gaussian+salt_pepper,low_light,learned,no_detection,
gaussian+salt_pepper,low_light,naive,false_lock,627.2642767336908
gaussian+salt_pepper,low_light,learned,no_detection,
gaussian+salt_pepper,low_light,naive,false_lock,97.40664456733191
gaussian+salt_pepper,low_light,learned,no_detection,
gaussian+salt_pepper,low_light,naive,false_lock,168.00271310488068
gaussian+salt_pepper,low_light,learned,no_detection,
gaussian+salt_pepper,low_light,naive,false_lock,431.67197265883686
gaussian+salt_pepper,low_light,learned,no_detection,
gaussian+salt_pepper,low_light,naive,false_lock,245.2608596020335
gaussian+salt_pepper,low_light,learned,no_detection,
gaussian+salt_pepper,low_light,naive,false_lock,280.4291035671447
gaussian+salt_pepper,low_light,learned,no_detection,
gaussian+salt_pepper,low_light,naive,false_lock,179.31360560820895
gaussian+salt_pepper,low_light,learned,no_detection,
gaussian+salt_pepper,low_light,naive,false_lock,273.38059670452776
gaussian+salt_pepper,low_light,learned,no_detection,
gaussian+salt_pepper,low_light,naive,false_lock,434.1475936563644
gaussian+salt_pepper,low_light,learned,no_detection,
gaussian+salt_pepper,low_light,naive,false_lock,273.42322617729485
gaussian+salt_pepper,low_light,learned,no_detection,
gaussian+salt_pepper,low_light,naive,false_lock,188.7451643394944
gaussian+salt_pepper,low_light,learned,no_detection,
gaussian+salt_pepper,low_light,naive,false_lock,169.2209220757112
gaussian+salt_pepper,low_light,learned,no_detection,
gaussian+salt_pepper,low_light,naive,false_lock,134.58110864147503
gaussian+salt_pepper,low_light,learned,no_detection,
gaussian+salt_pepper,low_light,naive,false_lock,269.1574114280904
gaussian+salt_pepper,low_light,learned,no_detection,
gaussian+salt_pepper,low_light,naive,false_lock,309.54285985193417
gaussian+salt_pepper,low_light,learned,no_detection,
gaussian+salt_pepper,low_light,naive,false_lock,497.9473791630201
gaussian+salt_pepper,low_light,learned,no_detection,
gaussian+salt_pepper,low_light,naive,false_lock,426.33433920311995
gaussian+salt_pepper,low_light,learned,no_detection,
gaussian+salt_pepper,low_light,naive,false_lock,533.4194173395273
gaussian+salt_pepper,low_light,learned,no_detection,
gaussian+salt_pepper,low_light,naive,false_lock,261.57368344343223
gaussian+salt_pepper,low_light,learned,no_detection,
